Tests,Stat,Difference%
add_mz_zzv,sme2_sme_lat,0.25
add_mz_zzv_p1,sme2_sme_lat,0.20
add_mz_zzv_p2,sme2_sme_lat,0.20
add_mz_zzv_p3,sme2_sme_lat,0.20
bfcvt_z_mz2,sme2_sme_lat,-53.19
bfcvtn_z_mz2,sme2_sme_lat,-2.75
fclamp_mz_zz,sme2_sme_lat,1.48
fclamp_mz_zz_p1,sme2_sme_lat,1.64
fclamp_mz_zz_p2,sme2_sme_lat,4.73
fcvt_z_mz2,sme2_sme_lat,-53.19
fcvtn_z_mz2,sme2_sme_lat,-2.75
fcvtzs_mz_z,sme2_sme_lat,-0.22
fcvtzu_mz_z,sme2_sme_lat,-0.22
fmax_mz_zzv,sme2_sme_lat,0.24
fmax_mz_zzv_p1,sme2_sme_lat,0.20
fmax_mz_zzv_p2,sme2_sme_lat,0.20
fmax_mz_zzw,sme2_sme_lat,0.20
fmax_mz_zzw_p1,sme2_sme_lat,0.18
fmax_mz_zzw_p2,sme2_sme_lat,0.15
fmaxnm_mz_zzv,sme2_sme_lat,0.24
fmaxnm_mz_zzv_p1,sme2_sme_lat,0.20
fmaxnm_mz_zzv_p2,sme2_sme_lat,0.20
fmaxnm_mz_zzw,sme2_sme_lat,0.20
fmaxnm_mz_zzw_p1,sme2_sme_lat,0.18
fmaxnm_mz_zzw_p2,sme2_sme_lat,0.15
fmin_mz_zzv,sme2_sme_lat,0.24
fmin_mz_zzv_p1,sme2_sme_lat,0.20
fmin_mz_zzv_p2,sme2_sme_lat,0.20
fmin_mz_zzw,sme2_sme_lat,0.20
fmin_mz_zzw_p1,sme2_sme_lat,0.18
fmin_mz_zzw_p2,sme2_sme_lat,0.15
fminnm_mz_zzv,sme2_sme_lat,0.24
fminnm_mz_zzv_p1,sme2_sme_lat,0.20
fminnm_mz_zzv_p2,sme2_sme_lat,0.20
fminnm_mz_zzw,sme2_sme_lat,0.20
fminnm_mz_zzw_p1,sme2_sme_lat,0.18
fminnm_mz_zzw_p2,sme2_sme_lat,0.15
frinta_mz_z,sme2_sme_lat,-0.22
frintm_mz_z,sme2_sme_lat,-0.22
frintn_mz_z,sme2_sme_lat,-0.22
frintp_mz_z,sme2_sme_lat,-0.22
luti2_mz2_ztz,sme2_sme_lat,0.87
luti2_mz4_ztz,sme2_sme_lat,-0.21
luti2_z_ztz,sme2_sme_lat,0.28
luti4_mz2_ztz,sme2_sme_lat,0.87
luti4_mz4_ztz,sme2_sme_lat,-0.21
luti4_z_ztz,sme2_sme_lat,0.28
sclamp_mz_zz,sme2_sme_lat,300.61
sclamp_mz_zz_p1,sme2_sme_lat,122.56
sclamp_mz_zz_p2,sme2_sme_lat,117.12
sclamp_mz_zz_p3,sme2_sme_lat,122.53
scvtf_mz_z,sme2_sme_lat,-0.22
sel_mz_p_zz,sme2_sme_lat,-0.44
sel_mz_p_zz_p1,sme2_sme_lat,-59.07
sel_mz_p_zz_p2,sme2_sme_lat,-60.14
sel_mz_p_zz_p3,sme2_sme_lat,-49.84
smax_mz_zzv,sme2_sme_lat,0.25
smax_mz_zzv_p1,sme2_sme_lat,0.20
smax_mz_zzv_p2,sme2_sme_lat,0.20
smax_mz_zzv_p3,sme2_sme_lat,0.20
smax_mz_zzw,sme2_sme_lat,0.23
smax_mz_zzw_p1,sme2_sme_lat,0.16
smax_mz_zzw_p2,sme2_sme_lat,0.16
smax_mz_zzw_p3,sme2_sme_lat,0.20
smin_mz_zzv,sme2_sme_lat,0.25
smin_mz_zzv_p1,sme2_sme_lat,0.20
smin_mz_zzv_p2,sme2_sme_lat,0.20
smin_mz_zzv_p3,sme2_sme_lat,0.20
smin_mz_zzw,sme2_sme_lat,0.23
smin_mz_zzw_p1,sme2_sme_lat,0.16
smin_mz_zzw_p2,sme2_sme_lat,0.16
smin_mz_zzw_p3,sme2_sme_lat,0.20
sqcvt_z_mz2,sme2_sme_lat,-2.75
sqcvt_z_mz4,sme2_sme_lat,-22.64
sqcvtn_z_mz4,sme2_sme_lat,-22.64
sqcvtu_z_mz2,sme2_sme_lat,-2.75
sqcvtu_z_mz4,sme2_sme_lat,-22.64
sqcvtun_z_mz4,sme2_sme_lat,-22.64
sqdmulh_mz_zzv,sme2_sme_lat,0.25
sqdmulh_mz_zzv_p1,sme2_sme_lat,0.20
sqdmulh_mz_zzv_p2,sme2_sme_lat,0.20
sqdmulh_mz_zzv_p3,sme2_sme_lat,0.20
sqdmulh_mz_zzw,sme2_sme_lat,0.23
sqdmulh_mz_zzw_p1,sme2_sme_lat,0.16
sqdmulh_mz_zzw_p2,sme2_sme_lat,0.16
sqdmulh_mz_zzw_p3,sme2_sme_lat,0.20
sqrshr_z_mz2,sme2_sme_lat,-2.75
sqrshr_z_mz4,sme2_sme_lat,-22.64
sqrshrn_z_mz4,sme2_sme_lat,-22.64
sqrshru_z_mz2,sme2_sme_lat,-2.75
sqrshru_z_mz4,sme2_sme_lat,-22.64
sqrshrun_z_mz4,sme2_sme_lat,-22.64
srshl_mz_zzv,sme2_sme_lat,0.25
srshl_mz_zzv_p1,sme2_sme_lat,0.20
srshl_mz_zzv_p2,sme2_sme_lat,0.20
srshl_mz_zzv_p3,sme2_sme_lat,0.20
srshl_mz_zzw,sme2_sme_lat,0.23
srshl_mz_zzw_p1,sme2_sme_lat,0.16
srshl_mz_zzw_p2,sme2_sme_lat,0.16
srshl_mz_zzw_p3,sme2_sme_lat,0.20
sunpk_mz_z,sme2_sme_lat,-9.96
sunpk_mz_z_p1,sme2_sme_lat,-34.85
uclamp_mz_zz,sme2_sme_lat,300.61
uclamp_mz_zz_p1,sme2_sme_lat,122.56
uclamp_mz_zz_p2,sme2_sme_lat,117.12
uclamp_mz_zz_p3,sme2_sme_lat,122.53
ucvtf_mz_z,sme2_sme_lat,-0.22
umax_mz_zzv,sme2_sme_lat,0.25
umax_mz_zzv_p1,sme2_sme_lat,0.20
umax_mz_zzv_p2,sme2_sme_lat,0.20
umax_mz_zzv_p3,sme2_sme_lat,0.20
umax_mz_zzw,sme2_sme_lat,0.23
umax_mz_zzw_p1,sme2_sme_lat,0.16
umax_mz_zzw_p2,sme2_sme_lat,0.16
umax_mz_zzw_p3,sme2_sme_lat,0.20
umin_mz_zzv,sme2_sme_lat,0.25
umin_mz_zzv_p1,sme2_sme_lat,0.20
umin_mz_zzv_p2,sme2_sme_lat,0.20
umin_mz_zzv_p3,sme2_sme_lat,0.20
umin_mz_zzw,sme2_sme_lat,0.23
umin_mz_zzw_p1,sme2_sme_lat,0.16
umin_mz_zzw_p2,sme2_sme_lat,0.16
umin_mz_zzw_p3,sme2_sme_lat,0.20
uqcvt_z_mz2,sme2_sme_lat,-2.75
uqcvt_z_mz4,sme2_sme_lat,-22.64
uqcvtn_z_mz4,sme2_sme_lat,-22.64
uqrshr_z_mz2,sme2_sme_lat,-2.75
uqrshr_z_mz4,sme2_sme_lat,-22.64
uqrshrn_z_mz4,sme2_sme_lat,-22.64
urshl_mz_zzv,sme2_sme_lat,0.25
urshl_mz_zzv_p1,sme2_sme_lat,0.20
urshl_mz_zzv_p2,sme2_sme_lat,0.20
urshl_mz_zzv_p3,sme2_sme_lat,0.20
urshl_mz_zzw,sme2_sme_lat,0.23
urshl_mz_zzw_p1,sme2_sme_lat,0.16
urshl_mz_zzw_p2,sme2_sme_lat,0.16
urshl_mz_zzw_p3,sme2_sme_lat,0.20
uunpk_mz_z,sme2_sme_lat,-9.96
uunpk_mz_z_p1,sme2_sme_lat,-34.85
uzp_mz_z,sme2_sme_lat,-67.79
uzp_mz_z_p1,sme2_sme_lat,-58.24
uzp_mz_zz,sme2_sme_lat,-0.54
uzp_mz_zz_p1,sme2_sme_lat,-0.81
zip_mz_z,sme2_sme_lat,-47.34
zip_mz_z_p1,sme2_sme_lat,-51.24
zip_mz_zz,sme2_sme_lat,-0.54
zip_mz_zz_p1,sme2_sme_lat,-0.81
add_mz_zzv,sme2_sme_bw,-1.840122266
add_za_zzv,sme2_sme_bw,-87.4909193
add_za_zzw,sme2_sme_bw,-93.72446762
adda_za_z,sme2_sme_bw,-91.5966317
addha_za_pp_z,sme2_sme_bw,-50.11209645
addva_za_pp_z,sme2_sme_bw,-50.11209645
bfcvt_z_mz2,sme2_sme_bw,-50.94865526
bfcvtn_z_mz2,sme2_sme_bw,-3.853158248
bfdot_za_zzi,sme2_sme_bw,-75.2761507
bfdot_za_zzv,sme2_sme_bw,-75.2761507
bfdot_za_zzw,sme2_sme_bw,-87.55948669
bfmlal_za_zzi,sme2_sme_bw,-75.20588235
bfmlal_za_zzv,sme2_sme_bw,-75.20588235
bfmlal_za_zzw,sme2_sme_bw,-87.56193601
bfmlsl_za_zzi,sme2_sme_bw,-75.20588235
bfmlsl_za_zzv,sme2_sme_bw,-75.20588235
bfmlsl_za_zzw,sme2_sme_bw,-87.56193601
bfmopa_za32_pp_zz,sme2_sme_bw,-75.06397357
bfmops_za32_pp_zz,sme2_sme_bw,-75.06397357
bfvdot_za_zzi,sme2_sme_bw,-75.25627258
bmopa_za_pp_zz,sme2_sme_bw,-50.2397456
bmops_za_pp_zz,sme2_sme_bw,-50.2397456
fadd_za_z,sme2_sme_bw,-87.45663352
fclamp_mz_zz,sme2_sme_bw,-2.413567107
fcvt_z_mz2,sme2_sme_bw,-50.94865526
fcvtn_z_mz2,sme2_sme_bw,-3.853158248
fcvtzs_mz_z,sme2_sme_bw,-2.964650381
fcvtzu_mz_z,sme2_sme_bw,-2.964650381
fdot_za_zzi,sme2_sme_bw,-75.2761507
fdot_za_zzv,sme2_sme_bw,-75.2761507
fdot_za_zzw,sme2_sme_bw,-87.55948669
fmax_mz_zzv,sme2_sme_bw,-1.839441193
fmax_mz_zzw,sme2_sme_bw,-2.983017263
fmaxnm_mz_zzv,sme2_sme_bw,-1.839441193
fmaxnm_mz_zzw,sme2_sme_bw,-2.983017263
fmin_mz_zzv,sme2_sme_bw,-1.839441193
fmin_mz_zzw,sme2_sme_bw,-2.983017263
fminnm_mz_zzv,sme2_sme_bw,-1.839441193
fminnm_mz_zzw,sme2_sme_bw,-2.983017263
fmla_za_zzi,sme2_sme_bw,-75.2761507
fmla_za_zzv,sme2_sme_bw,-75.2761507
fmla_za_zzw,sme2_sme_bw,-87.55948669
fmlal_za_zzi,sme2_sme_bw,-75.20588235
fmlal_za_zzv,sme2_sme_bw,-75.20588235
fmlal_za_zzw,sme2_sme_bw,-87.56193601
fmls_za_zzi,sme2_sme_bw,-75.2761507
fmls_za_zzv,sme2_sme_bw,-75.2761507
fmls_za_zzw,sme2_sme_bw,-87.55948669
fmlsl_za_zzi,sme2_sme_bw,-75.20588235
fmlsl_za_zzv,sme2_sme_bw,-75.20588235
fmlsl_za_zzw,sme2_sme_bw,-87.56193601
fmopa_za_pp_zz,sme2_sme_bw,-75.06397357
fmopa_za32_pp_zz,sme2_sme_bw,-75.06397357
fmops_za_pp_zz,sme2_sme_bw,-75.06397357
fmops_za32_pp_zz,sme2_sme_bw,-75.06397357
frinta_mz_z,sme2_sme_bw,-2.964650381
frintm_mz_z,sme2_sme_bw,-2.964650381
frintn_mz_z,sme2_sme_bw,-2.964650381
frintp_mz_z,sme2_sme_bw,-2.964650381
fsub_za_z,sme2_sme_bw,-75.13500205
fvdot_za_zzi,sme2_sme_bw,-75.25627258
ld1b_mz2_p_bi,sme2_sme_bw,-0.469857054
ld1b_mz2_p_br,sme2_sme_bw,-7.941206902
ld1b_mz4_p_bi,sme2_sme_bw,15.10958983
ld1b_mz4_p_br,sme2_sme_bw,15.12308611
ld1b_za_p_rrr,sme2_sme_bw,-49.79798929
ld1d_mz2_p_bi,sme2_sme_bw,49.24798011
ld1d_mz2_p_br,sme2_sme_bw,49.24984462
ld1d_mz4_p_bi,sme2_sme_bw,72.63418282
ld1d_mz4_p_br,sme2_sme_bw,72.64457253
ld1d_za_p_rrr,sme2_sme_bw,-24.74569689
ld1h_mz2_p_bi,sme2_sme_bw,-0.469857054
ld1h_mz2_p_br,sme2_sme_bw,-0.466125133
ld1h_mz4_p_bi,sme2_sme_bw,15.10958983
ld1h_mz4_p_br,sme2_sme_bw,15.10652985
ld1h_za_p_rrr,sme2_sme_bw,-49.80019041
ld1q_za_p_rrr,sme2_sme_bw,-24.74569689
ld1w_mz2_p_bi,sme2_sme_bw,-0.469857054
ld1w_mz2_p_br,sme2_sme_bw,-0.465506526
ld1w_mz4_p_bi,sme2_sme_bw,15.10958983
ld1w_mz4_p_br,sme2_sme_bw,15.10446066
ld1w_za_p_rrr,sme2_sme_bw,-49.80019041
ldnt1b_mz2_p_bi,sme2_sme_bw,-0.471105918
ldnt1b_mz2_p_br,sme2_sme_bw,-0.468004177
ldnt1b_mz4_p_bi,sme2_sme_bw,15.11788882
ldnt1b_mz4_p_br,sme2_sme_bw,15.08857447
ldnt1d_mz2_p_bi,sme2_sme_bw,49.2498353
ldnt1d_mz2_p_br,sme2_sme_bw,49.25262746
ldnt1d_mz4_p_bi,sme2_sme_bw,72.65094336
ldnt1d_mz4_p_br,sme2_sme_bw,72.60299087
ldnt1h_mz2_p_bi,sme2_sme_bw,-0.471105918
ldnt1h_mz2_p_br,sme2_sme_bw,-7.927810869
ldnt1h_mz4_p_bi,sme2_sme_bw,15.11788882
ldnt1h_mz4_p_br,sme2_sme_bw,15.10158444
ldnt1w_mz2_p_bi,sme2_sme_bw,-0.471105918
ldnt1w_mz2_p_br,sme2_sme_bw,-0.468622784
ldnt1w_mz4_p_bi,sme2_sme_bw,15.09181634
ldnt1w_mz4_p_br,sme2_sme_bw,15.08627507
ldr_za_ri,sme2_sme_bw,20.46571331
ldr_zt_br,sme2_sme_bw,-24.74053648
luti2_mz2_ztz,sme2_sme_bw,-1.907094457
luti2_mz4_ztz,sme2_sme_bw,-1.767001252
luti2_z_ztz,sme2_sme_bw,-50.44403803
luti4_mz2_ztz,sme2_sme_bw,-1.907094457
luti4_mz4_ztz,sme2_sme_bw,-1.765774167
luti4_z_ztz,sme2_sme_bw,-50.44403803
mov_mova_z_p_rza,sme2_sme_bw,-74.7803063
mov_mova_za_p_rz,sme2_sme_bw,-72.92373576
mova_mz_za2,sme2_sme_bw,-74.98146592
mova_mz_za4,sme2_sme_bw,-75.18858157
mova_mz2_za,sme2_sme_bw,-74.9295705
mova_mz4_za,sme2_sme_bw,-75.16824849
mova_z_p_rza,sme2_sme_bw,-74.7803063
mova_za_mz2,sme2_sme_bw,-75.04925138
mova_za_mz4,sme2_sme_bw,-75.20801536
mova_za_p_rz,sme2_sme_bw,-72.92373576
mova_za2_z,sme2_sme_bw,-74.99753743
mova_za4_z,sme2_sme_bw,-75.19013981
sclamp_mz_zz,sme2_sme_bw,-2.401556888
scvtf_mz_z,sme2_sme_bw,-2.964650381
sdot_za_zzi,sme2_sme_bw,-75.2761507
sdot_za_zzv,sme2_sme_bw,-75.2761507
sdot_za_zzw,sme2_sme_bw,-75.25189537
sdot_za32_zzi,sme2_sme_bw,-75.2761507
sdot_za32_zzv,sme2_sme_bw,-75.2761507
sdot_za32_zzw,sme2_sme_bw,-75.25189537
sel_mz_p_zz,sme2_sme_bw,-36.36049724
smax_mz_zzv,sme2_sme_bw,-1.840122266
smax_mz_zzw,sme2_sme_bw,-2.983555714
smin_mz_zzv,sme2_sme_bw,-1.840122266
smin_mz_zzw,sme2_sme_bw,-2.983555714
smlal_za_zzi,sme2_sme_bw,-75.20588235
smlal_za_zzv,sme2_sme_bw,-75.20588235
smlal_za_zzw,sme2_sme_bw,-75.25676784
smlall_za_zzi,sme2_sme_bw,-56.9028479
smlall_za_zzv,sme2_sme_bw,-56.9028479
smlall_za_zzw,sme2_sme_bw,-75.26062386
smlsl_za_zzi,sme2_sme_bw,-75.20588235
smlsl_za_zzv,sme2_sme_bw,-75.20588235
smlsl_za_zzw,sme2_sme_bw,-75.25676784
smlsll_za_zzi,sme2_sme_bw,-56.9028479
smlsll_za_zzv,sme2_sme_bw,-56.9028479
smlsll_za_zzw,sme2_sme_bw,-75.26062386
smopa_za_pp_zz,sme2_sme_bw,-87.40652406
smopa_za32_pp_zz,sme2_sme_bw,-50.2397456
smops_za_pp_zz,sme2_sme_bw,-87.40652406
smops_za32_pp_zz,sme2_sme_bw,-50.2397456
sqcvt_z_mz2,sme2_sme_bw,-3.853158248
sqcvt_z_mz4,sme2_sme_bw,86.20032535
sqcvtn_z_mz4,sme2_sme_bw,85.51912568
sqcvtu_z_mz2,sme2_sme_bw,-3.853158248
sqcvtu_z_mz4,sme2_sme_bw,85.51912568
sqcvtun_z_mz4,sme2_sme_bw,86.20032535
sqdmulh_mz_zzv,sme2_sme_bw,-1.840122266
sqdmulh_mz_zzw,sme2_sme_bw,-2.983555714
sqrshr_z_mz2,sme2_sme_bw,-3.853158248
sqrshr_z_mz4,sme2_sme_bw,86.19167131
sqrshrn_z_mz4,sme2_sme_bw,86.20032535
sqrshru_z_mz2,sme2_sme_bw,-3.853158248
sqrshru_z_mz4,sme2_sme_bw,86.20032535
sqrshrun_z_mz4,sme2_sme_bw,86.18301808
srshl_mz_zzv,sme2_sme_bw,-1.840122266
srshl_mz_zzw,sme2_sme_bw,-2.983555714
st1b_mz2_p_bi,sme2_sme_bw,97.33625745
st1b_mz2_p_br,sme2_sme_bw,97.34238508
st1b_za_p_rrr,sme2_sme_bw,0.334209538
st1d_mz2_p_bi,sme2_sme_bw,98.42271815
st1d_mz2_p_br,sme2_sme_bw,98.42766256
st1d_za_p_rrr,sme2_sme_bw,50.38423029
st1h_mz2_p_bi,sme2_sme_bw,97.33625745
st1h_mz2_p_br,sme2_sme_bw,97.33995367
st1h_za_p_rrr,sme2_sme_bw,0.322907671
st1q_za_p_rrr,sme2_sme_bw,50.39175929
st1w_mz2_p_bi,sme2_sme_bw,97.33625745
st1w_mz2_p_br,sme2_sme_bw,97.34238508
st1w_za_p_rrr,sme2_sme_bw,0.321652065
stnt1b_mz2_p_bi,sme2_sme_bw,97.32510288
stnt1b_mz2_p_br,sme2_sme_bw,97.33489404
stnt1d_mz2_p_bi,sme2_sme_bw,32.32613671
stnt1d_mz2_p_br,sme2_sme_bw,32.32616168
stnt1h_mz2_p_bi,sme2_sme_bw,97.32510288
stnt1h_mz2_p_br,sme2_sme_bw,97.32030653
stnt1w_mz2_p_bi,sme2_sme_bw,97.32510288
stnt1w_mz2_p_br,sme2_sme_bw,97.33489404
str_za_ri,sme2_sme_bw,50.35295885
str_zt_br,sme2_sme_bw,50.30791569
sub_za_zzv,sme2_sme_bw,-75.2761507
sub_za_zzw,sme2_sme_bw,-75.25189537
suba_za_z,sme2_sme_bw,-75.13500205
sudot_za_zzi,sme2_sme_bw,-75.2761507
sudot_za_zzv,sme2_sme_bw,-75.2761507
sumlall_za_zzi,sme2_sme_bw,-56.9028479
sumlall_za_zzv,sme2_sme_bw,-50.91353997
sumopa_za_pp_zz,sme2_sme_bw,-87.40652406
sumops_za_pp_zz,sme2_sme_bw,-87.40652406
sunpk_mz_z,sme2_sme_bw,-51.00960702
suvdot_za_zzi,sme2_sme_bw,-83.42328704
svdot_za_zzi,sme2_sme_bw,-83.42328704
svdot_za32_zzi,sme2_sme_bw,-75.25627258
uclamp_mz_zz,sme2_sme_bw,-2.401556888
ucvtf_mz_z,sme2_sme_bw,-2.964650381
udot_za_zzi,sme2_sme_bw,-75.2761507
udot_za_zzv,sme2_sme_bw,-75.2761507
udot_za_zzw,sme2_sme_bw,-75.25189537
udot_za32_zzi,sme2_sme_bw,-75.2761507
udot_za32_zzv,sme2_sme_bw,-75.2761507
udot_za32_zzw,sme2_sme_bw,-75.25189537
umax_mz_zzv,sme2_sme_bw,-1.840122266
umax_mz_zzw,sme2_sme_bw,-2.983555714
umin_mz_zzv,sme2_sme_bw,-1.840122266
umin_mz_zzw,sme2_sme_bw,-2.983555714
umlal_za_zzi,sme2_sme_bw,-75.20588235
umlal_za_zzv,sme2_sme_bw,-75.20588235
umlal_za_zzw,sme2_sme_bw,-75.25676784
umlall_za_zzi,sme2_sme_bw,-56.9028479
umlall_za_zzv,sme2_sme_bw,-56.9028479
umlall_za_zzw,sme2_sme_bw,-75.26062386
umlsl_za_zzi,sme2_sme_bw,-75.20588235
umlsl_za_zzv,sme2_sme_bw,-75.20588235
umlsl_za_zzw,sme2_sme_bw,-75.25676784
umlsll_za_zzi,sme2_sme_bw,-56.9028479
umlsll_za_zzv,sme2_sme_bw,-56.9028479
umlsll_za_zzw,sme2_sme_bw,-75.26305862
umopa_za_pp_zz,sme2_sme_bw,-75.06397357
umopa_za32_pp_zz,sme2_sme_bw,-50.2397456
umops_za_pp_zz,sme2_sme_bw,-87.40652406
umops_za32_pp_zz,sme2_sme_bw,-50.2397456
uqcvt_z_mz2,sme2_sme_bw,-3.853158248
uqcvt_z_mz4,sme2_sme_bw,86.20032535
uqcvtn_z_mz4,sme2_sme_bw,85.51912568
uqrshr_z_mz2,sme2_sme_bw,-3.853158248
uqrshr_z_mz4,sme2_sme_bw,86.19167131
uqrshrn_z_mz4,sme2_sme_bw,86.20032535
urshl_mz_zzv,sme2_sme_bw,-1.840122266
urshl_mz_zzw,sme2_sme_bw,-2.983555714
usdot_za_zzi,sme2_sme_bw,-75.2761507
usdot_za_zzv,sme2_sme_bw,-75.2761507
usdot_za_zzw,sme2_sme_bw,-75.25189537
usmlall_za_zzi,sme2_sme_bw,-56.9028479
usmlall_za_zzv,sme2_sme_bw,-56.9028479
usmlall_za_zzw,sme2_sme_bw,-75.26326149
usmopa_za_pp_zz,sme2_sme_bw,-87.40652406
usmops_za_pp_zz,sme2_sme_bw,-87.40652406
usvdot_za_zzi,sme2_sme_bw,-83.42328704
uunpk_mz_z,sme2_sme_bw,-51.00960702
uvdot_za_zzi,sme2_sme_bw,-83.42328704
uvdot_za32_zzi,sme2_sme_bw,-75.25627258
uzp_mz_z,sme2_sme_bw,-82.50496011
uzp_mz_zz,sme2_sme_bw,-51.31815313
zero_za_i,sme2_sme_bw,-87.32461415
zero_zt_i,sme2_sme_bw,0.606030251
zip_mz_z,sme2_sme_bw,-67.29857665
zip_mz_zz,sme2_sme_bw,-51.31815313
abs_z_p_z,sme2_ssve_lat,0.36
adclb_z_zzz,sme2_ssve_lat,0.37
adclt_z_zzz,sme2_ssve_lat,0.37
add_z_p_zz,sme2_ssve_lat,0.36
add_z_zi,sme2_ssve_lat,0.36
add_z_zz,sme2_ssve_lat,0.37
addhnb_z_zz,sme2_ssve_lat,0.37
addhnt_z_zz,sme2_ssve_lat,0.38
addp_z_p_zz,sme2_ssve_lat,0.36
addpl_r_ri,sme2_ssve_lat,0.53
addvl_r_ri,sme2_ssve_lat,0.53
and_p_p_pp,sme2_ssve_lat,0.45
and_z_p_zz,sme2_ssve_lat,0.36
and_z_zi,sme2_ssve_lat,0.36
and_z_zz,sme2_ssve_lat,0.38
ands_p_p_pp,sme2_ssve_lat,0.34
asr_z_p_zi,sme2_ssve_lat,0.36
asr_z_p_zw,sme2_ssve_lat,0.36
asr_z_p_zz,sme2_ssve_lat,0.36
asr_z_zi,sme2_ssve_lat,0.36
asr_z_zw,sme2_ssve_lat,0.37
asrd_z_p_zi,sme2_ssve_lat,0.36
asrr_z_p_zz,sme2_ssve_lat,0.36
bcax_z_zzz,sme2_ssve_lat,0.28
bfcvt_z_p_z,sme2_ssve_lat,0.36
bfcvtnt_z_p_z,sme2_ssve_lat,0.36
bfdot_z_zzz,sme2_ssve_lat,-16.88
bfdot_z_zzzi,sme2_ssve_lat,-16.49
bfmlalb_z_zzz,sme2_ssve_lat,0.37
bfmlalb_z_zzzi,sme2_ssve_lat,0.36
bfmlalt_z_zzz,sme2_ssve_lat,0.37
bfmlalt_z_zzzi,sme2_ssve_lat,0.36
bfmlslb_z_zzz,sme2_ssve_lat,0.37
bfmlslb_z_zzzi,sme2_ssve_lat,0.36
bfmlslt_z_zzz,sme2_ssve_lat,0.37
bfmlslt_z_zzzi,sme2_ssve_lat,0.36
bic_and_z_zi,sme2_ssve_lat,0.36
bic_p_p_pp,sme2_ssve_lat,0.45
bic_z_p_zz,sme2_ssve_lat,0.36
bic_z_zz,sme2_ssve_lat,0.38
bics_p_p_pp,sme2_ssve_lat,0.34
brka_p_p_p,sme2_ssve_lat,-49.82
brkas_p_p_p,sme2_ssve_lat,-49.82
brkb_p_p_p,sme2_ssve_lat,-49.82
brkbs_p_p_p,sme2_ssve_lat,-49.82
brkn_p_p_pp,sme2_ssve_lat,-49.82
brkns_p_p_pp,sme2_ssve_lat,-49.82
brkpa_p_p_pp,sme2_ssve_lat,-49.82
brkpas_p_p_pp,sme2_ssve_lat,-49.82
brkpb_p_p_pp,sme2_ssve_lat,-49.82
brkpbs_p_p_pp,sme2_ssve_lat,-49.82
bsl1n_z_zzz,sme2_ssve_lat,0.37
bsl2n_z_zzz,sme2_ssve_lat,0.37
bsl_z_zzz,sme2_ssve_lat,0.37
cadd_z_zz,sme2_ssve_lat,0.36
cadd_z_zz_p1,sme2_ssve_lat,0.36
cdot_z_zzz,sme2_ssve_lat,0.37
cdot_z_zzz_p1,sme2_ssve_lat,0.37
cdot_z_zzzi,sme2_ssve_lat,0.36
cdot_z_zzzi_p1,sme2_ssve_lat,0.36
clasta_r_p_z,sme2_ssve_lat,697.54
clasta_z_p_zz,sme2_ssve_lat,25.44
clastb_r_p_z,sme2_ssve_lat,1494.96
clastb_z_p_zz,sme2_ssve_lat,25.44
cls_z_p_z,sme2_ssve_lat,0.36
clz_z_p_z,sme2_ssve_lat,0.36
cmla_z_zzz,sme2_ssve_lat,0.37
cmla_z_zzz_p1,sme2_ssve_lat,0.37
cmla_z_zzz_p2,sme2_ssve_lat,0.37
cmla_z_zzz_p3,sme2_ssve_lat,0.37
cmla_z_zzzi,sme2_ssve_lat,0.36
cmla_z_zzzi_p1,sme2_ssve_lat,0.36
cmpeq_p_p_zi,sme2_ssve_lat,0.34
cmpeq_p_p_zi_p1,sme2_ssve_lat,0.34
cmpeq_p_p_zi_p2,sme2_ssve_lat,0.34
cmpeq_p_p_zw,sme2_ssve_lat,0.35
cmpeq_p_p_zw_p1,sme2_ssve_lat,0.35
cmpeq_p_p_zz,sme2_ssve_lat,0.35
cmpeq_p_p_zz_p1,sme2_ssve_lat,0.35
cmple_cmpeq_p_p_zz,sme2_ssve_lat,0.35
cmplo_cmpeq_p_p_zz,sme2_ssve_lat,0.35
cmpls_cmpeq_p_p_zz,sme2_ssve_lat,0.35
cmplt_cmpeq_p_p_zz,sme2_ssve_lat,0.35
cnot_z_p_z,sme2_ssve_lat,0.36
cnt_z_p_z,sme2_ssve_lat,0.36
decb_r_rs,sme2_ssve_lat,0.51
decb_r_rs_p1,sme2_ssve_lat,0.51
decb_r_rs_p2,sme2_ssve_lat,0.51
decb_r_rs_p3,sme2_ssve_lat,0.51
decb_r_rs_p4,sme2_ssve_lat,0.51
decd_z_zs,sme2_ssve_lat,0.35
decd_z_zs_p1,sme2_ssve_lat,0.35
decd_z_zs_p2,sme2_ssve_lat,0.35
decd_z_zs_p3,sme2_ssve_lat,0.36
decp_r_p_r,sme2_ssve_lat,-49.81
decp_z_p_z,sme2_ssve_lat,0.36
dup_z_zi,sme2_ssve_lat,25.44
eon_eor_z_zi,sme2_ssve_lat,0.36
eor3_z_zzz,sme2_ssve_lat,0.28
eor_p_p_pp,sme2_ssve_lat,0.45
eor_z_p_zz,sme2_ssve_lat,0.36
eor_z_zi,sme2_ssve_lat,0.36
eor_z_zz,sme2_ssve_lat,0.38
eorbt_z_zz,sme2_ssve_lat,0.38
eors_p_p_pp,sme2_ssve_lat,0.34
eortb_z_zz,sme2_ssve_lat,0.38
ext_z_zi,sme2_ssve_lat,0.35
fabd_z_p_zz,sme2_ssve_lat,0.36
fabs_z_p_z,sme2_ssve_lat,0.36
facge_p_p_zz,sme2_ssve_lat,0.35
facle_facge_p_p_zz,sme2_ssve_lat,0.35
faclt_facge_p_p_zz,sme2_ssve_lat,0.35
fadd_z_p_zs,sme2_ssve_lat,0.36
fadd_z_p_zz,sme2_ssve_lat,0.36
fadd_z_zz,sme2_ssve_lat,0.37
faddp_z_p_zz,sme2_ssve_lat,0.36
fcadd_z_p_zz,sme2_ssve_lat,0.36
fclamp_z_zz,sme2_ssve_lat,0.38
fcmeq_p_p_z0,sme2_ssve_lat,0.34
fcmeq_p_p_z0_p1,sme2_ssve_lat,0.34
fcmeq_p_p_zz,sme2_ssve_lat,0.35
fcmla_z_p_zzz,sme2_ssve_lat,0.36
fcmla_z_p_zzz_p1,sme2_ssve_lat,0.36
fcmla_z_p_zzz_p2,sme2_ssve_lat,0.36
fcmla_z_zzzi,sme2_ssve_lat,0.36
fcmla_z_zzzi_p1,sme2_ssve_lat,0.36
fcmle_fcmeq_p_p_zz,sme2_ssve_lat,0.35
fcmlt_fcmeq_p_p_zz,sme2_ssve_lat,0.35
fcvt_z_p_z,sme2_ssve_lat,0.36
fcvtlt_z_p_z,sme2_ssve_lat,0.36
fcvtnt_z_p_z,sme2_ssve_lat,0.36
fcvtx_z_p_z,sme2_ssve_lat,0.36
fcvtxnt_z_p_z,sme2_ssve_lat,0.36
fcvtzs_z_p_z,sme2_ssve_lat,0.36
fcvtzu_z_p_z,sme2_ssve_lat,0.36
fdiv_z_p_zz,sme2_ssve_lat,0.28
fdivr_z_p_zz,sme2_ssve_lat,0.28
fdot_z_zzz,sme2_ssve_lat,-25.51
fdot_z_zzzi,sme2_ssve_lat,-24.91
flogb_z_p_z,sme2_ssve_lat,0.36
fmad_z_p_zzz,sme2_ssve_lat,-8.12
fmax_z_p_zs,sme2_ssve_lat,0.36
fmax_z_p_zz,sme2_ssve_lat,0.36
fmaxnm_z_p_zs,sme2_ssve_lat,0.36
fmaxnm_z_p_zz,sme2_ssve_lat,0.36
fmaxnmp_z_p_zz,sme2_ssve_lat,0.36
fmaxp_z_p_zz,sme2_ssve_lat,0.36
fmin_z_p_zs,sme2_ssve_lat,0.36
fmin_z_p_zz,sme2_ssve_lat,0.36
fminnm_z_p_zs,sme2_ssve_lat,0.36
fminnm_z_p_zz,sme2_ssve_lat,0.36
fminnmp_z_p_zz,sme2_ssve_lat,0.36
fminp_z_p_zz,sme2_ssve_lat,0.36
fmla_z_p_zzz,sme2_ssve_lat,-8.12
fmla_z_zzzi,sme2_ssve_lat,-7.59
fmlalb_z_zzz,sme2_ssve_lat,0.37
fmlalb_z_zzzi,sme2_ssve_lat,0.36
fmlalt_z_zzz,sme2_ssve_lat,0.37
fmlalt_z_zzzi,sme2_ssve_lat,0.36
fmls_z_p_zzz,sme2_ssve_lat,-8.12
fmls_z_zzzi,sme2_ssve_lat,-7.59
fmlslb_z_zzz,sme2_ssve_lat,0.37
fmlslb_z_zzzi,sme2_ssve_lat,0.36
fmlslt_z_zzz,sme2_ssve_lat,0.37
fmlslt_z_zzzi,sme2_ssve_lat,0.36
fmsb_z_p_zzz,sme2_ssve_lat,-8.12
fmul_z_p_zs,sme2_ssve_lat,15.76
fmul_z_p_zz,sme2_ssve_lat,15.76
fmul_z_zz,sme2_ssve_lat,15.78
fmul_z_zzi,sme2_ssve_lat,15.83
fmulx_z_p_zz,sme2_ssve_lat,15.76
fneg_z_p_z,sme2_ssve_lat,0.36
fnmad_z_p_zzz,sme2_ssve_lat,-8.12
fnmla_z_p_zzz,sme2_ssve_lat,-8.12
fnmls_z_p_zzz,sme2_ssve_lat,-8.12
fnmsb_z_p_zzz,sme2_ssve_lat,-8.12
frecpe_z_z,sme2_ssve_lat,-20.54
frecps_z_zz,sme2_ssve_lat,15.78
frecpx_z_p_z,sme2_ssve_lat,0.36
frinta_z_p_z,sme2_ssve_lat,-20.55
frinta_z_p_z_p1,sme2_ssve_lat,-20.55
frsqrte_z_z,sme2_ssve_lat,-20.54
frsqrts_z_zz,sme2_ssve_lat,15.78
fscale_z_p_zz,sme2_ssve_lat,0.36
fsqrt_z_p_z,sme2_ssve_lat,0.27
fsub_z_p_zs,sme2_ssve_lat,0.36
fsub_z_p_zz,sme2_ssve_lat,0.36
fsub_z_zz,sme2_ssve_lat,0.37
fsubr_z_p_zs,sme2_ssve_lat,0.36
fsubr_z_p_zz,sme2_ssve_lat,0.36
incb_r_rs,sme2_ssve_lat,0.51
incb_r_rs_p1,sme2_ssve_lat,0.51
incb_r_rs_p2,sme2_ssve_lat,0.51
incb_r_rs_p3,sme2_ssve_lat,0.51
incb_r_rs_p4,sme2_ssve_lat,0.51
incd_z_zs,sme2_ssve_lat,0.35
incd_z_zs_p1,sme2_ssve_lat,0.35
incd_z_zs_p2,sme2_ssve_lat,0.35
incd_z_zs_p3,sme2_ssve_lat,0.36
incp_r_p_r,sme2_ssve_lat,-49.81
incp_z_p_z,sme2_ssve_lat,0.36
insr_z_r,sme2_ssve_lat,0.30
lsl_z_p_zi,sme2_ssve_lat,0.36
lsl_z_p_zw,sme2_ssve_lat,0.36
lsl_z_p_zz,sme2_ssve_lat,0.36
lsl_z_zi,sme2_ssve_lat,0.36
lsl_z_zw,sme2_ssve_lat,0.37
lslr_z_p_zz,sme2_ssve_lat,0.36
lsr_z_p_zi,sme2_ssve_lat,0.36
lsr_z_p_zw,sme2_ssve_lat,0.36
lsr_z_p_zz,sme2_ssve_lat,0.36
lsr_z_zi,sme2_ssve_lat,0.36
lsr_z_zw,sme2_ssve_lat,0.37
lsrr_z_p_zz,sme2_ssve_lat,0.36
mad_z_p_zzz,sme2_ssve_lat,0.36
mla_z_p_zzz,sme2_ssve_lat,-25.52
mla_z_zzzi,sme2_ssve_lat,0.36
mls_z_p_zzz,sme2_ssve_lat,0.36
mls_z_zzzi,sme2_ssve_lat,0.36
mov_and_p_p_pp,sme2_ssve_lat,0.43
mov_dup_z_zi,sme2_ssve_lat,25.44
mov_orr_p_p_pp,sme2_ssve_lat,0.47
mov_orr_z_zz,sme2_ssve_lat,101.03
mov_sel_p_p_pp,sme2_ssve_lat,0.46
mov_sel_z_p_zz,sme2_ssve_lat,0.36
movs_ands_p_p_pp,sme2_ssve_lat,0.34
movs_orrs_p_p_pp,sme2_ssve_lat,0.35
msb_z_p_zzz,sme2_ssve_lat,0.36
mul_z_p_zz,sme2_ssve_lat,0.36
mul_z_zi,sme2_ssve_lat,0.36
mul_z_zz,sme2_ssve_lat,0.37
mul_z_zzi,sme2_ssve_lat,0.36
nand_p_p_pp,sme2_ssve_lat,0.45
nands_p_p_pp,sme2_ssve_lat,0.34
nbsl_z_zzz,sme2_ssve_lat,0.37
neg_z_p_z,sme2_ssve_lat,0.36
nor_p_p_pp,sme2_ssve_lat,0.45
nors_p_p_pp,sme2_ssve_lat,0.34
not_eor_p_p_pp,sme2_ssve_lat,0.43
not_z_p_z,sme2_ssve_lat,0.36
nots_eors_p_p_pp,sme2_ssve_lat,0.34
orn_orr_z_zi,sme2_ssve_lat,0.36
orn_p_p_pp,sme2_ssve_lat,0.45
orns_p_p_pp,sme2_ssve_lat,0.34
orr_p_p_pp,sme2_ssve_lat,0.45
orr_z_p_zz,sme2_ssve_lat,0.36
orr_z_zi,sme2_ssve_lat,0.36
orr_z_zz,sme2_ssve_lat,0.38
orrs_p_p_pp,sme2_ssve_lat,0.34
pfirst_p_p_p,sme2_ssve_lat,-49.82
pmul_z_zz,sme2_ssve_lat,0.29
pmullb_z_zz,sme2_ssve_lat,0.29
pmullt_z_zz,sme2_ssve_lat,0.29
pnext_p_p_p,sme2_ssve_lat,-49.83
psel_p_ppi,sme2_ssve_lat,0.44
punpkhi_p_p,sme2_ssve_lat,-49.82
raddhnb_z_zz,sme2_ssve_lat,0.38
raddhnt_z_zz,sme2_ssve_lat,0.38
rbit_z_p_z,sme2_ssve_lat,0.36
rev_p_p,sme2_ssve_lat,-49.83
rev_z_z,sme2_ssve_lat,25.44
revb_z_z,sme2_ssve_lat,0.36
revd_z_p_z,sme2_ssve_lat,301.07
rshrnb_z_zi,sme2_ssve_lat,0.36
rshrnt_z_zi,sme2_ssve_lat,0.36
rsubhnb_z_zz,sme2_ssve_lat,0.38
rsubhnt_z_zz,sme2_ssve_lat,0.38
saba_z_zzz,sme2_ssve_lat,0.37
sabalb_z_zzz,sme2_ssve_lat,0.37
sabalt_z_zzz,sme2_ssve_lat,0.37
sabd_z_p_zz,sme2_ssve_lat,0.36
sabdlb_z_zz,sme2_ssve_lat,0.37
sabdlt_z_zz,sme2_ssve_lat,0.37
sadalp_z_p_z,sme2_ssve_lat,0.36
saddlb_z_zz,sme2_ssve_lat,0.37
saddlbt_z_zz,sme2_ssve_lat,0.37
saddlt_z_zz,sme2_ssve_lat,0.37
saddwb_z_zz,sme2_ssve_lat,0.37
saddwt_z_zz,sme2_ssve_lat,0.37
sbclb_z_zzz,sme2_ssve_lat,0.37
sbclt_z_zzz,sme2_ssve_lat,0.37
sclamp_z_zz,sme2_ssve_lat,301.10
scvtf_z_p_z,sme2_ssve_lat,-8.60
sdiv_z_p_zz,sme2_ssve_lat,0.28
sdivr_z_p_zz,sme2_ssve_lat,0.28
sdot_z32_zzz,sme2_ssve_lat,0.37
sdot_z32_zzzi,sme2_ssve_lat,0.36
sdot_z_zzz,sme2_ssve_lat,0.37
sdot_z_zzzi,sme2_ssve_lat,0.36
sel_p_p_pp,sme2_ssve_lat,0.45
sel_z_p_zz,sme2_ssve_lat,0.37
shadd_z_p_zz,sme2_ssve_lat,0.36
shrnb_z_zi,sme2_ssve_lat,0.36
shrnt_z_zi,sme2_ssve_lat,0.36
shsub_z_p_zz,sme2_ssve_lat,0.36
shsubr_z_p_zz,sme2_ssve_lat,0.36
sli_z_zzi,sme2_ssve_lat,0.36
smax_z_p_zz,sme2_ssve_lat,0.36
smax_z_zi,sme2_ssve_lat,0.36
smaxp_z_p_zz,sme2_ssve_lat,0.36
smin_z_p_zz,sme2_ssve_lat,0.36
smin_z_zi,sme2_ssve_lat,0.36
sminp_z_p_zz,sme2_ssve_lat,0.36
smlalb_z_zzz,sme2_ssve_lat,0.37
smlalb_z_zzzi,sme2_ssve_lat,0.36
smlalt_z_zzz,sme2_ssve_lat,0.37
smlalt_z_zzzi,sme2_ssve_lat,0.36
smlslb_z_zzz,sme2_ssve_lat,0.37
smlslb_z_zzzi,sme2_ssve_lat,0.36
smlslt_z_zzz,sme2_ssve_lat,0.37
smlslt_z_zzzi,sme2_ssve_lat,0.36
smulh_z_p_zz,sme2_ssve_lat,0.36
smulh_z_zz,sme2_ssve_lat,0.37
smullb_z_zz,sme2_ssve_lat,0.37
smullb_z_zzi,sme2_ssve_lat,0.36
smullt_z_zz,sme2_ssve_lat,0.37
smullt_z_zzi,sme2_ssve_lat,0.36
splice_z_p_zz,sme2_ssve_lat,15.84
splice_z_p_zz_p1,sme2_ssve_lat,25.44
sqabs_z_p_z,sme2_ssve_lat,0.36
sqadd_z_p_zz,sme2_ssve_lat,0.36
sqadd_z_zi,sme2_ssve_lat,0.36
sqadd_z_zz,sme2_ssve_lat,0.37
sqcadd_z_zz,sme2_ssve_lat,0.36
sqcadd_z_zz_p1,sme2_ssve_lat,0.36
sqcvtn_z_mz2,sme2_ssve_lat,-2.75
sqcvtun_z_mz2,sme2_ssve_lat,-2.75
sqdecb_r_rs,sme2_ssve_lat,0.56
sqdecb_r_rs_p1,sme2_ssve_lat,0.58
sqdecb_r_rs_p2,sme2_ssve_lat,0.52
sqdecb_r_rs_p3,sme2_ssve_lat,0.51
sqdecd_r_rs,sme2_ssve_lat,0.56
sqdecd_r_rs_p1,sme2_ssve_lat,0.58
sqdecd_r_rs_p2,sme2_ssve_lat,0.52
sqdecd_r_rs_p3,sme2_ssve_lat,0.51
sqdecd_z_zs,sme2_ssve_lat,0.35
sqdecd_z_zs_p1,sme2_ssve_lat,0.36
sqdech_r_rs,sme2_ssve_lat,0.56
sqdech_r_rs_p1,sme2_ssve_lat,0.58
sqdech_r_rs_p2,sme2_ssve_lat,0.52
sqdech_r_rs_p3,sme2_ssve_lat,0.51
sqdech_z_zs,sme2_ssve_lat,0.35
sqdech_z_zs_p1,sme2_ssve_lat,0.36
sqdecp_r_p_r,sme2_ssve_lat,-38.62
sqdecp_z_p_z,sme2_ssve_lat,0.36
sqdecw_r_rs,sme2_ssve_lat,0.56
sqdecw_r_rs_p1,sme2_ssve_lat,0.57
sqdecw_r_rs_p2,sme2_ssve_lat,0.52
sqdecw_r_rs_p3,sme2_ssve_lat,0.51
sqdecw_z_zs,sme2_ssve_lat,0.35
sqdecw_z_zs_p1,sme2_ssve_lat,0.36
sqdmlalb_z_zzz,sme2_ssve_lat,0.37
sqdmlalb_z_zzzi,sme2_ssve_lat,0.36
sqdmlalbt_z_zzz,sme2_ssve_lat,0.37
sqdmlalt_z_zzz,sme2_ssve_lat,0.37
sqdmlalt_z_zzzi,sme2_ssve_lat,0.36
sqdmlslb_z_zzz,sme2_ssve_lat,0.37
sqdmlslb_z_zzzi,sme2_ssve_lat,0.36
sqdmlslbt_z_zzz,sme2_ssve_lat,0.37
sqdmlslt_z_zzz,sme2_ssve_lat,0.37
sqdmlslt_z_zzzi,sme2_ssve_lat,0.36
sqdmulh_z_zz,sme2_ssve_lat,0.37
sqdmulh_z_zzi,sme2_ssve_lat,0.36
sqdmullb_z_zz,sme2_ssve_lat,0.37
sqdmullb_z_zzi,sme2_ssve_lat,0.36
sqdmullt_z_zz,sme2_ssve_lat,0.37
sqdmullt_z_zzi,sme2_ssve_lat,0.36
sqincb_r_rs,sme2_ssve_lat,0.56
sqincb_r_rs_p1,sme2_ssve_lat,0.58
sqincb_r_rs_p2,sme2_ssve_lat,0.52
sqincb_r_rs_p3,sme2_ssve_lat,0.51
sqincd_r_rs,sme2_ssve_lat,0.56
sqincd_r_rs_p1,sme2_ssve_lat,0.58
sqincd_r_rs_p2,sme2_ssve_lat,0.52
sqincd_r_rs_p3,sme2_ssve_lat,0.51
sqincd_z_zs,sme2_ssve_lat,0.35
sqincd_z_zs_p1,sme2_ssve_lat,0.36
sqinch_r_rs,sme2_ssve_lat,0.56
sqinch_r_rs_p1,sme2_ssve_lat,0.58
sqinch_r_rs_p2,sme2_ssve_lat,0.52
sqinch_r_rs_p3,sme2_ssve_lat,0.51
sqinch_z_zs,sme2_ssve_lat,0.35
sqinch_z_zs_p1,sme2_ssve_lat,0.36
sqincp_r_p_r,sme2_ssve_lat,-38.62
sqincp_z_p_z,sme2_ssve_lat,0.36
sqincw_r_rs,sme2_ssve_lat,0.56
sqincw_r_rs_p1,sme2_ssve_lat,0.58
sqincw_r_rs_p2,sme2_ssve_lat,0.52
sqincw_r_rs_p3,sme2_ssve_lat,0.51
sqincw_z_zs,sme2_ssve_lat,0.35
sqincw_z_zs_p1,sme2_ssve_lat,0.36
sqneg_z_p_z,sme2_ssve_lat,0.36
sqrdcmlah_z_zzz,sme2_ssve_lat,0.37
sqrdcmlah_z_zzz_p1,sme2_ssve_lat,0.37
sqrdcmlah_z_zzz_p2,sme2_ssve_lat,0.37
sqrdcmlah_z_zzz_p3,sme2_ssve_lat,0.37
sqrdcmlah_z_zzzi,sme2_ssve_lat,0.36
sqrdcmlah_z_zzzi_p1,sme2_ssve_lat,0.36
sqrdmlah_z_zzz,sme2_ssve_lat,0.37
sqrdmlah_z_zzzi,sme2_ssve_lat,0.36
sqrdmlsh_z_zzz,sme2_ssve_lat,0.37
sqrdmlsh_z_zzzi,sme2_ssve_lat,0.36
sqrdmulh_z_zz,sme2_ssve_lat,0.37
sqrdmulh_z_zzi,sme2_ssve_lat,0.36
sqrshl_z_p_zz,sme2_ssve_lat,0.36
sqrshlr_z_p_zz,sme2_ssve_lat,0.36
sqrshrn_z_mz2,sme2_ssve_lat,-2.75
sqrshrnb_z_zi,sme2_ssve_lat,0.36
sqrshrnt_z_zi,sme2_ssve_lat,0.36
sqrshrun_z_mz2,sme2_ssve_lat,-2.75
sqrshrunb_z_zi,sme2_ssve_lat,0.36
sqrshrunt_z_zi,sme2_ssve_lat,0.36
sqshl_z_p_zi,sme2_ssve_lat,0.36
sqshl_z_p_zz,sme2_ssve_lat,0.36
sqshlr_z_p_zz,sme2_ssve_lat,0.36
sqshlu_z_p_zi,sme2_ssve_lat,0.36
sqshrnb_z_zi,sme2_ssve_lat,0.36
sqshrnt_z_zi,sme2_ssve_lat,0.36
sqshrunb_z_zi,sme2_ssve_lat,0.36
sqshrunt_z_zi,sme2_ssve_lat,0.36
sqsub_z_p_zz,sme2_ssve_lat,0.36
sqsub_z_zi,sme2_ssve_lat,0.36
sqsub_z_zz,sme2_ssve_lat,0.37
sqsubr_z_p_zz,sme2_ssve_lat,0.36
sqxtnb_z_zz,sme2_ssve_lat,0.36
sqxtnt_z_zz,sme2_ssve_lat,0.36
sqxtunb_z_zz,sme2_ssve_lat,0.36
sqxtunt_z_zz,sme2_ssve_lat,0.36
srhadd_z_p_zz,sme2_ssve_lat,0.36
sri_z_zzi,sme2_ssve_lat,0.36
srshl_z_p_zz,sme2_ssve_lat,0.36
srshlr_z_p_zz,sme2_ssve_lat,0.36
srshr_z_p_zi,sme2_ssve_lat,0.36
srsra_z_zi,sme2_ssve_lat,0.37
sshllb_z_zi,sme2_ssve_lat,0.36
sshllt_z_zi,sme2_ssve_lat,0.36
ssra_z_zi,sme2_ssve_lat,0.36
ssublb_z_zz,sme2_ssve_lat,0.37
ssublbt_z_zz,sme2_ssve_lat,0.37
ssublt_z_zz,sme2_ssve_lat,0.37
ssubltb_z_zz,sme2_ssve_lat,0.37
ssubwb_z_zz,sme2_ssve_lat,0.37
ssubwt_z_zz,sme2_ssve_lat,0.37
sub_z_p_zz,sme2_ssve_lat,0.36
sub_z_zi,sme2_ssve_lat,0.36
sub_z_zz,sme2_ssve_lat,0.37
subhnb_z_zz,sme2_ssve_lat,0.37
subhnt_z_zz,sme2_ssve_lat,0.38
subr_z_p_zz,sme2_ssve_lat,0.36
subr_z_zi,sme2_ssve_lat,0.36
sudot_z_zzzi,sme2_ssve_lat,0.36
sunpkhi_z_z,sme2_ssve_lat,25.44
suqadd_z_p_zz,sme2_ssve_lat,0.36
sxtb_z_p_z,sme2_ssve_lat,0.36
tbl_z_zz,sme2_ssve_lat,24.94
tbl_z_zz_p1,sme2_ssve_lat,23.45
tbx_z_zz,sme2_ssve_lat,25.46
trn1_p_pp,sme2_ssve_lat,-49.83
trn1_p_pp_p1,sme2_ssve_lat,-49.81
trn1_z_zz,sme2_ssve_lat,0.37
trn1_z_zz_p1,sme2_ssve_lat,0.38
uaba_z_zzz,sme2_ssve_lat,0.37
uabalb_z_zzz,sme2_ssve_lat,0.37
uabalt_z_zzz,sme2_ssve_lat,0.37
uabd_z_p_zz,sme2_ssve_lat,0.36
uabdlb_z_zz,sme2_ssve_lat,0.37
uabdlt_z_zz,sme2_ssve_lat,0.37
uadalp_z_p_z,sme2_ssve_lat,0.36
uaddlb_z_zz,sme2_ssve_lat,0.37
uaddlt_z_zz,sme2_ssve_lat,0.37
uaddwb_z_zz,sme2_ssve_lat,0.37
uaddwt_z_zz,sme2_ssve_lat,0.37
uclamp_z_zz,sme2_ssve_lat,301.10
ucvtf_z_p_z,sme2_ssve_lat,-8.60
udiv_z_p_zz,sme2_ssve_lat,0.28
udivr_z_p_zz,sme2_ssve_lat,0.28
udot_z32_zzz,sme2_ssve_lat,0.37
udot_z32_zzzi,sme2_ssve_lat,0.36
udot_z_zzz,sme2_ssve_lat,0.37
udot_z_zzzi,sme2_ssve_lat,0.36
uhadd_z_p_zz,sme2_ssve_lat,0.36
uhsub_z_p_zz,sme2_ssve_lat,0.36
uhsubr_z_p_zz,sme2_ssve_lat,0.36
umax_z_p_zz,sme2_ssve_lat,0.36
umax_z_zi,sme2_ssve_lat,0.36
umaxp_z_p_zz,sme2_ssve_lat,0.36
umin_z_p_zz,sme2_ssve_lat,0.36
umin_z_zi,sme2_ssve_lat,0.36
uminp_z_p_zz,sme2_ssve_lat,0.36
umlalb_z_zzz,sme2_ssve_lat,0.37
umlalb_z_zzzi,sme2_ssve_lat,0.36
umlalt_z_zzz,sme2_ssve_lat,0.37
umlalt_z_zzzi,sme2_ssve_lat,0.36
umlslb_z_zzz,sme2_ssve_lat,0.37
umlslb_z_zzzi,sme2_ssve_lat,0.36
umlslt_z_zzz,sme2_ssve_lat,0.37
umlslt_z_zzzi,sme2_ssve_lat,0.36
umulh_z_p_zz,sme2_ssve_lat,0.36
umulh_z_zz,sme2_ssve_lat,0.37
umullb_z_zz,sme2_ssve_lat,0.37
umullb_z_zzi,sme2_ssve_lat,0.36
umullt_z_zz,sme2_ssve_lat,0.37
umullt_z_zzi,sme2_ssve_lat,0.36
uqadd_z_p_zz,sme2_ssve_lat,0.36
uqadd_z_zi,sme2_ssve_lat,0.36
uqadd_z_zz,sme2_ssve_lat,0.37
uqcvtn_z_mz2,sme2_ssve_lat,-2.75
uqdecb_r_rs,sme2_ssve_lat,0.51
uqdecb_r_rs_p1,sme2_ssve_lat,0.51
uqdecb_r_rs_p2,sme2_ssve_lat,0.51
uqdecd_r_rs,sme2_ssve_lat,0.51
uqdecd_r_rs_p1,sme2_ssve_lat,0.51
uqdecd_r_rs_p2,sme2_ssve_lat,0.51
uqdecd_z_zs,sme2_ssve_lat,0.35
uqdecd_z_zs_p1,sme2_ssve_lat,0.36
uqdech_r_rs,sme2_ssve_lat,0.51
uqdech_r_rs_p1,sme2_ssve_lat,0.51
uqdech_r_rs_p2,sme2_ssve_lat,0.51
uqdech_z_zs,sme2_ssve_lat,0.35
uqdech_z_zs_p1,sme2_ssve_lat,0.36
uqdecp_r_p_r,sme2_ssve_lat,-49.81
uqdecp_z_p_z,sme2_ssve_lat,0.36
uqdecw_r_rs,sme2_ssve_lat,0.51
uqdecw_r_rs_p1,sme2_ssve_lat,0.51
uqdecw_r_rs_p2,sme2_ssve_lat,0.51
uqdecw_z_zs,sme2_ssve_lat,0.35
uqdecw_z_zs_p1,sme2_ssve_lat,0.36
uqincb_r_rs,sme2_ssve_lat,0.51
uqincb_r_rs_p1,sme2_ssve_lat,0.51
uqincb_r_rs_p2,sme2_ssve_lat,0.51
uqincd_r_rs,sme2_ssve_lat,0.51
uqincd_r_rs_p1,sme2_ssve_lat,0.51
uqincd_r_rs_p2,sme2_ssve_lat,0.51
uqincd_z_zs,sme2_ssve_lat,0.35
uqincd_z_zs_p1,sme2_ssve_lat,0.36
uqinch_r_rs,sme2_ssve_lat,0.51
uqinch_r_rs_p1,sme2_ssve_lat,0.51
uqinch_r_rs_p2,sme2_ssve_lat,0.51
uqinch_z_zs,sme2_ssve_lat,0.35
uqinch_z_zs_p1,sme2_ssve_lat,0.36
uqincp_r_p_r,sme2_ssve_lat,-49.81
uqincp_z_p_z,sme2_ssve_lat,0.36
uqincw_r_rs,sme2_ssve_lat,0.51
uqincw_r_rs_p1,sme2_ssve_lat,0.51
uqincw_r_rs_p2,sme2_ssve_lat,0.51
uqincw_z_zs,sme2_ssve_lat,0.35
uqincw_z_zs_p1,sme2_ssve_lat,0.36
uqrshl_z_p_zz,sme2_ssve_lat,0.36
uqrshlr_z_p_zz,sme2_ssve_lat,0.36
uqrshrn_z_mz2,sme2_ssve_lat,-2.75
uqrshrnb_z_zi,sme2_ssve_lat,0.36
uqrshrnt_z_zi,sme2_ssve_lat,0.36
uqshl_z_p_zi,sme2_ssve_lat,0.36
uqshl_z_p_zz,sme2_ssve_lat,0.36
uqshlr_z_p_zz,sme2_ssve_lat,0.36
uqshrnb_z_zi,sme2_ssve_lat,0.36
uqshrnt_z_zi,sme2_ssve_lat,0.36
uqsub_z_p_zz,sme2_ssve_lat,0.36
uqsub_z_zi,sme2_ssve_lat,0.36
uqsub_z_zz,sme2_ssve_lat,0.37
uqsubr_z_p_zz,sme2_ssve_lat,0.36
uqxtnb_z_zz,sme2_ssve_lat,0.36
uqxtnt_z_zz,sme2_ssve_lat,0.36
urecpe_z_p_z,sme2_ssve_lat,0.36
urhadd_z_p_zz,sme2_ssve_lat,0.36
urshl_z_p_zz,sme2_ssve_lat,0.36
urshlr_z_p_zz,sme2_ssve_lat,0.36
urshr_z_p_zi,sme2_ssve_lat,0.36
ursqrte_z_p_z,sme2_ssve_lat,0.36
ursra_z_zi,sme2_ssve_lat,0.37
usdot_z_zzz,sme2_ssve_lat,0.37
usdot_z_zzzi,sme2_ssve_lat,0.36
ushllb_z_zi,sme2_ssve_lat,0.36
ushllt_z_zi,sme2_ssve_lat,0.36
usqadd_z_p_zz,sme2_ssve_lat,0.36
usra_z_zi,sme2_ssve_lat,0.36
usublb_z_zz,sme2_ssve_lat,0.37
usublt_z_zz,sme2_ssve_lat,0.37
usubwb_z_zz,sme2_ssve_lat,0.37
usubwt_z_zz,sme2_ssve_lat,0.37
uunpkhi_z_z,sme2_ssve_lat,25.44
uxtb_z_p_z,sme2_ssve_lat,0.36
uzp1_p_pp,sme2_ssve_lat,-26.43
uzp1_p_pp_p1,sme2_ssve_lat,0.32
uzp1_z_zz,sme2_ssve_lat,25.46
uzp1_z_zz_p1,sme2_ssve_lat,25.46
xar_z_zzi,sme2_ssve_lat,0.27
zip1_p_pp,sme2_ssve_lat,-49.83
zip1_p_pp_p1,sme2_ssve_lat,-49.81
zip1_z_zz,sme2_ssve_lat,25.46
zip1_z_zz_p1,sme2_ssve_lat,25.46
